model_name,nq_top_100_only,nq_top_100_only_w_correct,nq_top_10_only,nq_top_10_only_w_correct,nq_top_2_only,nq_top_2_only_w_correct,nq_top_500_only,nq_top_500_only_w_correct,nq_top_50_only,nq_top_50_only_w_correct,nq_top_5_only,nq_top_5_only_w_correct
Alibaba-NLP--gte-base-en-v1.5,0.5672,0.54342,0.71434,0.64069,0.89824,0.84172,0.53932,0.5328,0.59407,0.55408,0.7853,0.70361
BAAI--bge-large-en-v1.5,0.55306,0.53049,0.70224,0.6308,0.8882,0.83812,0.52679,0.52001,0.57959,0.54279,0.77487,0.69687
Salesforce--SFR-Embedding-Mistral,0.70874,0.68761,0.81118,0.75718,0.9324,0.90061,0.68443,0.67724,0.72959,0.69718,0.86011,0.80275
facebook--contriever-msmarco,0.45496,0.43604,0.62637,0.56047,0.86068,0.80496,0.42857,0.42293,0.48225,0.45013,0.71905,0.64032
intfloat--e5-large-v2,0.66958,0.63683,0.78671,0.68946,0.92979,0.8566,0.64429,0.63494,0.69419,0.63992,0.84552,0.73636
intfloat--e5-mistral-7b-instruct,0.67062,0.65135,0.78552,0.73844,0.92445,0.89918,0.64518,0.63863,0.6955,0.66428,0.84097,0.79328
nvidia--NV-Embed-v1,0.7376,0.71725,0.83325,0.78671,0.94463,0.91966,0.71546,0.70802,0.75838,0.72754,0.87692,0.83
